{
  "akiec": {
    "precision": 0.37254901960784315,
    "recall": 0.5588235294117647,
    "f1-score": 0.4470588235294118,
    "support": 34.0
  },
  "bcc": {
    "precision": 0.3835616438356164,
    "recall": 0.5384615384615384,
    "f1-score": 0.448,
    "support": 52.0
  },
  "bkl": {
    "precision": 0.4727272727272727,
    "recall": 0.46846846846846846,
    "f1-score": 0.47058823529411764,
    "support": 111.0
  },
  "df": {
    "precision": 0.15873015873015872,
    "recall": 0.8333333333333334,
    "f1-score": 0.26666666666666666,
    "support": 12.0
  },
  "mel": {
    "precision": 0.34782608695652173,
    "recall": 0.5714285714285714,
    "f1-score": 0.43243243243243246,
    "support": 112.0
  },
  "nv": {
    "precision": 0.9508840864440079,
    "recall": 0.7213114754098361,
    "f1-score": 0.8203389830508474,
    "support": 671.0
  },
  "vasc": {
    "precision": 0.6470588235294118,
    "recall": 0.7333333333333333,
    "f1-score": 0.6875,
    "support": 15.0
  },
  "accuracy": 0.663356504468719,
  "macro avg": {
    "precision": 0.47619101311869033,
    "recall": 0.6321657499781209,
    "f1-score": 0.5103693058533537,
    "support": 1007.0
  },
  "weighted avg": {
    "precision": 0.7683167700294029,
    "recall": 0.663356504468719,
    "f1-score": 0.6982360319535235,
    "support": 1007.0
  }
}