{
  "accuracy": 0.6414728682170543,
  "macro_f1": 0.6435796116690088,
  "weighted_f1": 0.6439288740228598,
  "per_class": {
    "akiec": {
      "precision": 0.5423728813559322,
      "recall": 0.49230769230769234,
      "f1-score": 0.5161290322580645,
      "support": 65,
      "auc": 0.8875660924441413
    },
    "bcc": {
      "precision": 0.8157894736842105,
      "recall": 0.62,
      "f1-score": 0.7045454545454546,
      "support": 100,
      "auc": 0.9441586538461538
    },
    "bkl": {
      "precision": 0.5508474576271186,
      "recall": 0.65,
      "f1-score": 0.5963302752293578,
      "support": 100,
      "auc": 0.8663701923076923
    },
    "df": {
      "precision": 0.5217391304347826,
      "recall": 0.5217391304347826,
      "f1-score": 0.5217391304347826,
      "support": 23,
      "auc": 0.9439985889408237
    },
    "mel": {
      "precision": 0.5350877192982456,
      "recall": 0.61,
      "f1-score": 0.5700934579439252,
      "support": 100,
      "auc": 0.833125
    },
    "nv": {
      "precision": 0.7872340425531915,
      "recall": 0.74,
      "f1-score": 0.7628865979381443,
      "support": 100,
      "auc": 0.9375721153846154
    },
    "vasc": {
      "precision": 0.78125,
      "recall": 0.8928571428571429,
      "f1-score": 0.8333333333333334,
      "support": 28,
      "auc": 0.9896077283372366
    }
  }
}