{
  "image_size": [
    224,
    224
  ],
  "batch_size": 32,
  "initial_epochs": 30,
  "finetune_epochs": 30,
  "learning_rate": 0.001,
  "finetune_lr": 1e-05,
  "num_classes": 7,
  "class_names": [
    "akiec",
    "bcc",
    "bkl",
    "df",
    "mel",
    "nv",
    "vasc"
  ],
  "best_val_accuracy": 0.6686046719551086,
  "class_weights": {
    "0": 1.1275899672846237,
    "1": 0.7385714285714285,
    "2": 0.7385714285714285,
    "3": 3.2111801242236027,
    "4": 0.7385714285714285,
    "5": 0.7385714285714285,
    "6": 2.591478696741855
  }
}